Comedy,
Crime,
Drama,
Thriller,
Comedy,
Drama,
Romance,
War,
Crime,
Drama,
Crime,
Horror,
Thriller,
Action,
Adventure,
Sci-Fi,
Thriller,
Action,
Adventure,
Sci-Fi,
Action,
Drama,
War,
Action,
Sci-Fi,
Action,
Sci-Fi,
Thriller,
Drama,
War,
Adventure,
Animation,
Children,
Comedy,
Fantasy,
Thriller,
Adventure,
Drama,
IMAX,
Action,
Adventure,
Sci-Fi,
Thriller,
Crime,
Mystery,
Thriller,
Action,
Adventure,
Sci-Fi,
Action,
Crime,
Thriller,
Action,
Adventure,
Sci-Fi,
Comedy,
Drama,
Mystery,
Sci-Fi,
Thriller,
Adventure,
Drama,
Western,
Action,
Adventure,
Comedy,
Crime,
Drama,
Thriller,
Mystery,
Thriller,
Action,
Adventure,
Comedy,
Romance,
Thriller,
Adventure,
Animation,
Children,
Comedy,
Musical,
Action,
Romance,
Thriller,
Adventure,
Comedy,
Sci-Fi,
Crime,
Drama,
Action,
Crime,
Drama,
Thriller,
Drama,
Horror,
Mystery,
Adventure,
Animation,
Children,
Drama,
Musical,
IMAX,
Comedy,
Adventure,
Fantasy,
Action,
Adventure,
Mystery,
Thriller,
Action,
Drama,
War,
Action,
Comedy,
Sci-Fi,
Animation,
Children,
Fantasy,
Musical,
Romance,
IMAX,
Comedy,
Drama,
Action,
Comedy,
Crime,
Fantasy,
Adventure,
Fantasy,
Action,
Crime,
Thriller,
Comedy,
Romance,
Action,
Sci-Fi,
Thriller,
Adventure,
Comedy,
Fantasy,
Action,
Adventure,
Drama,
Action,
Adventure,
Comedy,
Crime,
Children,
Drama,
Sci-Fi,
Action,
Adventure,
Comedy,
Fantasy,
Romance,
Action,
Adventure,
Romance,
Thriller,
Children,
Drama,
Drama,
Romance,
Adventure,
Comedy,
Comedy,
Fantasy,
Romance,
Adventure,
Animation,
Children,
Comedy,
Fantasy,
Romance,
Action,
Adventure,
Sci-Fi,
Action,
Adventure,
Drama,
Fantasy,
Action,
Adventure,
Thriller,
Action,
Adventure,
Horror,
Sci-Fi,
Action,
Sci-Fi,
Thriller,
Mystery,
Thriller,
Action,
Crime,
Thriller,
Drama,
Action,
Adventure,
Sci-Fi,
Action,
Crime,
Drama,
Thriller,
Comedy,
Drama,
Fantasy,
Romance,
Thriller,
Action,
Comedy,
Sci-Fi,
Action,
Adventure,
Thriller,
Comedy,
Drama,
Romance,
Children,
Comedy,
Children,
Comedy,
Fantasy,
Musical,
Drama,
Romance,
Action,
Adventure,
Sci-Fi,
Comedy,
Romance,
Action,
Adventure,
Comedy,
Sci-Fi,
Crime,
Mystery,
Thriller,
Drama,
Horror,
Crime,
Drama,
Action,
Adventure,
Horror,
Sci-Fi,
Comedy,
Drama,
Fantasy,
Action,
Adventure,
Sci-Fi,
Crime,
Film-Noir,
Mystery,
Thriller,
Crime,
Drama,
Adventure,
Drama,
Sci-Fi,
Comedy,
Romance,
Action,
Drama,
Sci-Fi,
Thriller,
Action,
Crime,
Drama,
Thriller,
Drama,
Thriller,
Action,
Adventure,
Comedy,
Fantasy,
Adventure,
Drama,
Sci-Fi,
Action,
Drama,
Romance,
Action,
Adventure,
Thriller,
Crime,
Drama,
Sci-Fi,
Thriller,
Action,
Adventure,
Comedy,
Action,
Crime,
Thriller,
Drama,
Comedy,
Romance,
Comedy,
Drama,
Romance,
Crime,
Drama,
Thriller